{
	"info": {
		"_postman_id": "b9239209-0ef5-4eaf-bce7-e74848a38dcf",
		"name": "Fusion Data Tutorial",
		"schema": "https://schema.getpostman.com/json/collection/v2.1.0/collection.json",
		"_exporter_id": "15936144"
	},
	"item": [
		{
			"name": "Tutorial 1",
			"item": [
				{
					"name": "Get Hubs",
					"request": {
						"method": "POST",
						"header": [],
						"body": {
							"mode": "graphql",
							"graphql": {
								"query": "query GetHubs {\n  hubs {\n    results {\n      name\n      id\n    }\n  }\n}",
								"variables": ""
							}
						},
						"url": {
							"raw": "{{graphql_url}}",
							"host": [
								"{{graphql_url}}"
							]
						}
					},
					"response": []
				},
				{
					"name": "Pick Projects",
					"request": {
						"method": "POST",
						"header": [],
						"body": {
							"mode": "graphql",
							"graphql": {
								"query": "query GetProjects ($hubId : String!) {\n  projects (hubId: $hubId) {\n    results {\n      name\n      id\n      rootFolder{\n        id\n        name\n        objectCount\n      }\n    }\n  }\n}",
								"variables": "{\n  \"hubId\" : \"<ID_OF_HUB_RETURNED_IN PREVIOUS_QUERY>\"\n}"
							}
						},
						"url": {
							"raw": "{{graphql_url}}",
							"host": [
								"{{graphql_url}}"
							]
						}
					},
					"response": []
				},
				{
					"name": "Pick component",
					"request": {
						"method": "POST",
						"header": [],
						"body": {
							"mode": "graphql",
							"graphql": {
								"query": "query GetItems($projectId: String!, $itemId: String!) {\n  items(projectId: $projectId, itemId: $itemId) {\n    results {\n      ... on Component {\n        name\n        id\n      }\n    }\n  }\n}",
								"variables": "{\n  \"projectId\": \"<ID_OF_PROJECT_RETURNED_IN_PREVIOUS_QUERY>\",\n  \"itemId\": \"<ID_OF_ROOT_FOLDER_RETURNED_IN_PREVIOUS_QUERY>\"\n}"
							}
						},
						"url": {
							"raw": "{{graphql_url}}",
							"host": [
								"{{graphql_url}}"
							]
						}
					},
					"response": []
				},
				{
					"name": "Generate Thumbnail",
					"request": {
						"method": "POST",
						"header": [],
						"body": {
							"mode": "graphql",
							"graphql": {
								"query": "query Getltem($projectId: String!, $itemId: String!) {\n  item(projectId: $projectId, itemId: $itemId) {\n    name\n    ... on Component {\n      id\n      tipVersion{\n        id\n        name\n        thumbnail{\n          status\n        }\n      }\n    }\n  }\n}\n",
								"variables": "{\n  \"projectId\": \"<ID_OF_PROJECT_USED_IN_PREVIOUS_QUERY>\",\n  \"itemId\": \"<ID_OF_COMPONENT_RETURNED_IN_PREVIOUS_QUERY>\"\n}"
							}
						},
						"url": {
							"raw": "{{graphql_url}}",
							"host": [
								"{{graphql_url}}"
							]
						}
					},
					"response": []
				},
				{
					"name": "Obtain Thumbnail URL",
					"request": {
						"method": "POST",
						"header": [],
						"body": {
							"mode": "graphql",
							"graphql": {
								"query": "query GetComponentVersion ($componentVersionId: String!) {\n    componentVersion(componentVersionId: $componentVersionId) {\n        thumbnail {\n            status\n            smallImageUrl\n        }\n    }\n}",
								"variables": "{\n    \"componentVersionId\" : \"<ID_OF_TIP_VERSION_RETURNED_IN_PREVIOUS_QUERY>\"\n}"
							}
						},
						"url": {
							"raw": "{{graphql_url}}",
							"host": [
								"{{graphql_url}}"
							]
						}
					},
					"response": []
				},
				{
					"name": "View Thumbnail",
					"request": {
						"method": "GET",
						"header": [],
						"url": {
							"raw": "<SMALL_IMAGEURL_RETURNED_IN_PREVIOUS_QUERY>",
							"host": [
								"<SMAILL_IMAGEURL_RETURNED_IN_PREVIOUS_QUERY>"
							]
						}
					},
					"response": []
				}
			]
		}
	],
	"auth": {
		"type": "oauth2",
		"oauth2": [
			{
				"key": "clientSecret",
				"value": "",
				"type": "string"
			},
			{
				"key": "clientId",
				"value": "",
				"type": "string"
			},
			{
				"key": "accessTokenUrl",
				"value": "https://developer.api.autodesk.com/authentication/v1/gettoken",
				"type": "string"
			},
			{
				"key": "authUrl",
				"value": "https://developer.api.autodesk.com/authentication/v1/authorize",
				"type": "string"
			},
			{
				"key": "client_authentication",
				"value": "body",
				"type": "string"
			},
			{
				"key": "scope",
				"value": "data:read data:write data:create",
				"type": "string"
			},
			{
				"key": "redirect_uri",
				"value": "https://www.getpostman.com/oauth2/callback",
				"type": "string"
			},
			{
				"key": "tokenName",
				"value": "3LO",
				"type": "string"
			},
			{
				"key": "addTokenTo",
				"value": "header",
				"type": "string"
			}
		]
	},
	"event": [
		{
			"listen": "prerequest",
			"script": {
				"type": "text/javascript",
				"exec": [
					""
				]
			}
		},
		{
			"listen": "test",
			"script": {
				"type": "text/javascript",
				"exec": [
					""
				]
			}
		}
	]
}
