{
	"info": {
		"_postman_id": "5134139c-b1b3-4a46-9762-c50ae63d26d1",
		"name": "Model Derivative",
		"schema": "https://schema.getpostman.com/json/collection/v2.1.0/collection.json"
	},
	"item": [
		{
			"name": "Tutorial 1 - Translate a Source FIle",
			"item": [
				{
					"name": "Task 1 - Obtain an Access Token",
					"item": [
						{
							"name": "Get an Access Token",
							"event": [
								{
									"listen": "test",
									"script": {
										"exec": [
											"var body = JSON.parse(responseBody);",
											"pm.environment.set(\"access_token\", body[\"access_token\"]);"
										],
										"type": "text/javascript"
									}
								}
							],
							"request": {
								"method": "POST",
								"header": [
									{
										"key": "Content-Type",
										"value": "application/x-www-form-urlencoded"
									}
								],
								"body": {
									"mode": "urlencoded",
									"urlencoded": [
										{
											"key": "client_id",
											"value": "{{client_id}}",
											"type": "text"
										},
										{
											"key": "client_secret",
											"value": "{{client_secret}}",
											"type": "text"
										},
										{
											"key": "grant_type",
											"value": "client_credentials",
											"type": "text"
										},
										{
											"key": "scope",
											"value": "code:all data:write data:read bucket:create bucket:delete bucket:read",
											"type": "text"
										}
									]
								},
								"url": {
									"raw": "https://developer.api.autodesk.com/authentication/v1/authenticate",
									"protocol": "https",
									"host": [
										"developer",
										"api",
										"autodesk",
										"com"
									],
									"path": [
										"authentication",
										"v1",
										"authenticate"
									]
								},
								"description": "[See Documentation](https://forge.autodesk.com/en/docs/oauth/v2/reference/http/authenticate-POST/)"
							},
							"response": []
						}
					],
					"event": [
						{
							"listen": "prerequest",
							"script": {
								"type": "text/javascript",
								"exec": [
									""
								]
							}
						},
						{
							"listen": "test",
							"script": {
								"type": "text/javascript",
								"exec": [
									""
								]
							}
						}
					]
				},
				{
					"name": "Task 2 - Upload Source File to OSS",
					"item": [
						{
							"name": "Create a Bucket",
							"event": [
								{
									"listen": "test",
									"script": {
										"exec": [
											""
										],
										"type": "text/javascript"
									}
								}
							],
							"request": {
								"method": "POST",
								"header": [
									{
										"key": "Content-Type",
										"value": "application/json"
									},
									{
										"key": "Authorization",
										"value": "Bearer {{access_token}}"
									}
								],
								"body": {
									"mode": "raw",
									"raw": "{\n\t\"bucketKey\": \"{{ossBucketKey}}\",\n\t\"policyKey\": \"transient\"\n}\n"
								},
								"url": {
									"raw": "https://developer.api.autodesk.com/oss/v2/buckets",
									"protocol": "https",
									"host": [
										"developer",
										"api",
										"autodesk",
										"com"
									],
									"path": [
										"oss",
										"v2",
										"buckets"
									]
								},
								"description": "[See documentation](https://forge.autodesk.com/en/docs/data/v2/reference/http/buckets-POST/)"
							},
							"response": []
						},
						{
							"name": "Obtain Signed URL",
							"event": [
								{
									"listen": "test",
									"script": {
										"exec": [
											"var body = JSON.parse(responseBody);",
											"pm.environment.set(\"UploadKey\", body.uploadKey);",
											"pm.environment.set(\"ContentUploadSignedURL\", body.urls[0]);"
										],
										"type": "text/javascript"
									}
								}
							],
							"protocolProfileBehavior": {
								"disabledSystemHeaders": {}
							},
							"request": {
								"method": "GET",
								"header": [
									{
										"key": "Authorization",
										"value": "Bearer {{access_token}}",
										"type": "text"
									}
								],
								"url": {
									"raw": "https://developer.api.autodesk.com/oss/v2/buckets/{{ossBucketKey}}/objects/{{ossSourceFileObjectKey}}/signeds3upload?minutesExpiration=5",
									"protocol": "https",
									"host": [
										"developer",
										"api",
										"autodesk",
										"com"
									],
									"path": [
										"oss",
										"v2",
										"buckets",
										"{{ossBucketKey}}",
										"objects",
										"{{ossSourceFileObjectKey}}",
										"signeds3upload"
									],
									"query": [
										{
											"key": "minutesExpiration",
											"value": "5"
										}
									]
								}
							},
							"response": []
						},
						{
							"name": "Upload the File",
							"event": [
								{
									"listen": "test",
									"script": {
										"exec": [
											"console.log(pm.request.body.file.src)"
										],
										"type": "text/javascript"
									}
								}
							],
							"request": {
								"method": "PUT",
								"header": [],
								"body": {
									"mode": "file",
									"file": {
										"src": ""
									}
								},
								"url": {
									"raw": "{{ContentUploadSignedURL}}",
									"host": [
										"{{ContentUploadSignedURL}}"
									]
								}
							},
							"response": []
						},
						{
							"name": "Finalize upload",
							"event": [
								{
									"listen": "test",
									"script": {
										"exec": [
											"var body = JSON.parse(responseBody);",
											"pm.environment.set(\"t1_ossSourceFileObjectKey\", body.objectKey);",
											"pm.environment.set(\"t1_ossSourceFileURN\", body.objectId);",
											"var encoded_urn=btoa(body.objectId);",
											"pm.environment.set(\"t1_ossEncodedSourceFileURN\", encoded_urn);"
										],
										"type": "text/javascript"
									}
								}
							],
							"protocolProfileBehavior": {
								"disabledSystemHeaders": {}
							},
							"request": {
								"method": "POST",
								"header": [
									{
										"key": "Authorization",
										"value": "Bearer {{access_token}}",
										"type": "text"
									},
									{
										"key": "Content-Type",
										"value": "application/json",
										"type": "text"
									}
								],
								"body": {
									"mode": "raw",
									"raw": "{\n    \"uploadKey\":\"{{UploadKey}}\"\n}"
								},
								"url": {
									"raw": "https://developer.api.autodesk.com/oss/v2/buckets/{{ossBucketKey}}/objects/{{ossSourceFileObjectKey}}/signeds3upload",
									"protocol": "https",
									"host": [
										"developer",
										"api",
										"autodesk",
										"com"
									],
									"path": [
										"oss",
										"v2",
										"buckets",
										"{{ossBucketKey}}",
										"objects",
										"{{ossSourceFileObjectKey}}",
										"signeds3upload"
									]
								}
							},
							"response": []
						}
					]
				},
				{
					"name": "Task 3 - Translate Source File",
					"item": [
						{
							"name": "Create a Translation Job",
							"event": [
								{
									"listen": "test",
									"script": {
										"exec": [
											"var body = JSON.parse(responseBody);",
											"pm.environment.set(\"t1_url_safe_urn_of_source\", body[\"urn\"]);"
										],
										"type": "text/javascript"
									}
								}
							],
							"request": {
								"method": "POST",
								"header": [
									{
										"key": "Content-Type",
										"name": "Content-Type",
										"value": "application/json",
										"type": "text"
									},
									{
										"key": "Authorization",
										"value": "Bearer {{access_token}}",
										"type": "text"
									},
									{
										"key": "x-ads-force-all",
										"value": "true",
										"type": "text"
									},
									{
										"key": "",
										"value": "",
										"type": "text",
										"disabled": true
									}
								],
								"body": {
									"mode": "raw",
									"raw": "{\n    \"input\": {\n        \"urn\": \"{{t1_ossEncodedSourceFileURN}}\"\n    },\n    \"output\": {\n        \"destination\": {\n            \"region\": \"us\"\n        },\n        \"formats\": [\n            {\n                \"type\": \"obj\"\n            }\n        ]\n    }\n}",
									"options": {
										"raw": {
											"language": "json"
										}
									}
								},
								"url": {
									"raw": "https://developer.api.autodesk.com/modelderivative/v2/designdata/job",
									"protocol": "https",
									"host": [
										"developer",
										"api",
										"autodesk",
										"com"
									],
									"path": [
										"modelderivative",
										"v2",
										"designdata",
										"job"
									]
								},
								"description": "[See documentation](https://forge.autodesk.com/en/docs/model-derivative/v2/reference/http/job-POST/)"
							},
							"response": []
						},
						{
							"name": "Check Status of Job",
							"event": [
								{
									"listen": "test",
									"script": {
										"exec": [
											"var body = JSON.parse(responseBody);",
											"d_data=body[\"derivatives\"];",
											"",
											"",
											"let progress=body[\"progress\"];",
											"",
											"if (progress===\"complete\") {",
											"    let envariable='dv_urn_';",
											"    let dv_children=d_data[0][\"children\"];",
											"    ",
											"        for (var i = 0; i < dv_children.length; i++)",
											"        {",
											"            let dv_urn=dv_children[i][\"urn\"];",
											"            ",
											"            envariable='dv_urn_'+i;",
											"            postman.setEnvironmentVariable(envariable, dv_urn);",
											"        }",
											"    }"
										],
										"type": "text/javascript"
									}
								}
							],
							"request": {
								"method": "GET",
								"header": [
									{
										"key": "Authorization",
										"value": "Bearer {{access_token}}"
									}
								],
								"url": {
									"raw": "https://developer.api.autodesk.com/modelderivative/v2/designdata/{{t1_url_safe_urn_of_source}}/manifest",
									"protocol": "https",
									"host": [
										"developer",
										"api",
										"autodesk",
										"com"
									],
									"path": [
										"modelderivative",
										"v2",
										"designdata",
										"{{t1_url_safe_urn_of_source}}",
										"manifest"
									]
								},
								"description": "[See documentation](https://forge.autodesk.com/en/docs/model-derivative/v2/reference/http/urn-manifest-GET/)"
							},
							"response": []
						}
					],
					"event": [
						{
							"listen": "prerequest",
							"script": {
								"type": "text/javascript",
								"exec": [
									""
								]
							}
						},
						{
							"listen": "test",
							"script": {
								"type": "text/javascript",
								"exec": [
									""
								]
							}
						}
					]
				},
				{
					"name": "Task 4 - Download OBJ File",
					"item": [
						{
							"name": "Download OBJ file",
							"request": {
								"method": "GET",
								"header": [
									{
										"key": "Authorization",
										"value": "Bearer {{access_token}}",
										"type": "text"
									}
								],
								"url": {
									"raw": "https://developer.api.autodesk.com/modelderivative/v2/designdata/{{t1_url_safe_urn_of_source}}/manifest/{{dv_urn_0}}",
									"protocol": "https",
									"host": [
										"developer",
										"api",
										"autodesk",
										"com"
									],
									"path": [
										"modelderivative",
										"v2",
										"designdata",
										"{{t1_url_safe_urn_of_source}}",
										"manifest",
										"{{dv_urn_0}}"
									]
								},
								"description": "[See documentation](https://forge.autodesk.com/en/docs/model-derivative/v2/reference/http/urn-manifest-derivativeurn-GET/)"
							},
							"response": []
						}
					]
				}
			],
			"event": [
				{
					"listen": "prerequest",
					"script": {
						"type": "text/javascript",
						"exec": [
							""
						]
					}
				},
				{
					"listen": "test",
					"script": {
						"type": "text/javascript",
						"exec": [
							""
						]
					}
				}
			]
		},
		{
			"name": "Extras",
			"item": [
				{
					"name": "Get Bucket Details",
					"request": {
						"method": "GET",
						"header": [
							{
								"key": "Authorization",
								"value": "Bearer {{access_token}}",
								"type": "text"
							}
						],
						"url": {
							"raw": "https://developer.api.autodesk.com/oss/v2/buckets/{{ossBucketKey}}/details",
							"protocol": "https",
							"host": [
								"developer",
								"api",
								"autodesk",
								"com"
							],
							"path": [
								"oss",
								"v2",
								"buckets",
								"{{ossBucketKey}}",
								"details"
							]
						},
						"description": "[See documentation](https://forge.autodesk.com/en/docs/data/v2/reference/http/buckets-:bucketKey-details-GET/)"
					},
					"response": []
				},
				{
					"name": "List Objects in  Bucket",
					"request": {
						"method": "GET",
						"header": [
							{
								"key": "Authorization",
								"type": "text",
								"value": "Bearer {{access_token}}"
							}
						],
						"url": {
							"raw": "https://developer.api.autodesk.com/oss/v2/buckets/{{ossBucketKey}}/objects",
							"protocol": "https",
							"host": [
								"developer",
								"api",
								"autodesk",
								"com"
							],
							"path": [
								"oss",
								"v2",
								"buckets",
								"{{ossBucketKey}}",
								"objects"
							]
						},
						"description": "[See documentation](https://forge.autodesk.com/en/docs/data/v2/reference/http/buckets-:bucketKey-objects-GET/)"
					},
					"response": []
				},
				{
					"name": "Delete Manifest",
					"event": [
						{
							"listen": "test",
							"script": {
								"exec": [
									""
								],
								"type": "text/javascript"
							}
						}
					],
					"request": {
						"method": "DELETE",
						"header": [
							{
								"key": "Authorization",
								"value": "Bearer {{access_token}}"
							}
						],
						"url": {
							"raw": "https://developer.api.autodesk.com/modelderivative/v2/designdata/{{t1_ossEncodedSourceFileURN}}/manifest",
							"protocol": "https",
							"host": [
								"developer",
								"api",
								"autodesk",
								"com"
							],
							"path": [
								"modelderivative",
								"v2",
								"designdata",
								"{{t1_ossEncodedSourceFileURN}}",
								"manifest"
							]
						},
						"description": "[See documentation](https://forge.autodesk.com/en/docs/model-derivative/v2/reference/http/urn-manifest-DELETE/)"
					},
					"response": []
				},
				{
					"name": "Delete OSS Bucket",
					"event": [
						{
							"listen": "test",
							"script": {
								"exec": [
									""
								],
								"type": "text/javascript"
							}
						}
					],
					"request": {
						"method": "DELETE",
						"header": [
							{
								"key": "Content-Type",
								"value": "application/json"
							},
							{
								"key": "Authorization",
								"value": "Bearer {{access_token}}"
							}
						],
						"body": {
							"mode": "raw",
							"raw": ""
						},
						"url": {
							"raw": "https://developer.api.autodesk.com/oss/v2/buckets/{{ossBucketKey}}",
							"protocol": "https",
							"host": [
								"developer",
								"api",
								"autodesk",
								"com"
							],
							"path": [
								"oss",
								"v2",
								"buckets",
								"{{ossBucketKey}}"
							]
						},
						"description": "[See documentation](https://forge.autodesk.com/en/docs/data/v2/reference/http/buckets-:bucketKey-DELETE/)"
					},
					"response": []
				},
				{
					"name": "Get Supported Formats",
					"request": {
						"method": "GET",
						"header": [
							{
								"key": "Authorization",
								"value": "Bearer {{access_token}}",
								"type": "text"
							}
						],
						"url": {
							"raw": "https://developer.api.autodesk.com/modelderivative/v2/designdata/formats",
							"protocol": "https",
							"host": [
								"developer",
								"api",
								"autodesk",
								"com"
							],
							"path": [
								"modelderivative",
								"v2",
								"designdata",
								"formats"
							]
						},
						"description": "[See documentation](https://forge.autodesk.com/en/docs/model-derivative/v2/reference/http/formats-GET/)"
					},
					"response": []
				}
			]
		}
	]
}