{
	"info": {
		"_postman_id": "3fc2de19-de5d-4f53-9014-736a5e6db5d6",
		"name": "Model Derivative",
		"schema": "https://schema.getpostman.com/json/collection/v2.1.0/collection.json"
	},
	"item": [
		{
			"name": "Tutorial 3 - Translate a Source File that Contains References",
			"item": [
				{
					"name": "Task 1 - Obtain an Access Token",
					"item": [
						{
							"name": "Get an Access Token",
							"event": [
								{
									"listen": "test",
									"script": {
										"exec": [
											"var body = JSON.parse(responseBody);",
											"pm.environment.set(\"access_token\", body[\"access_token\"]);"
										],
										"type": "text/javascript"
									}
								}
							],
							"request": {
								"method": "POST",
								"header": [
									{
										"key": "Content-Type",
										"value": "application/x-www-form-urlencoded"
									}
								],
								"body": {
									"mode": "urlencoded",
									"urlencoded": [
										{
											"key": "client_id",
											"value": "{{client_id}}",
											"type": "text"
										},
										{
											"key": "client_secret",
											"value": "{{client_secret}}",
											"type": "text"
										},
										{
											"key": "grant_type",
											"value": "client_credentials",
											"type": "text"
										},
										{
											"key": "scope",
											"value": "code:all data:write data:read bucket:create bucket:delete bucket:read",
											"type": "text"
										}
									]
								},
								"url": {
									"raw": "https://developer.api.autodesk.com/authentication/v1/authenticate",
									"protocol": "https",
									"host": [
										"developer",
										"api",
										"autodesk",
										"com"
									],
									"path": [
										"authentication",
										"v1",
										"authenticate"
									]
								}
							},
							"response": []
						}
					],
					"event": [
						{
							"listen": "prerequest",
							"script": {
								"type": "text/javascript",
								"exec": [
									""
								]
							}
						},
						{
							"listen": "test",
							"script": {
								"type": "text/javascript",
								"exec": [
									""
								]
							}
						}
					]
				},
				{
					"name": "Task 2 - Upload Source Files to OSS",
					"item": [
						{
							"name": "Create a Bucket",
							"event": [
								{
									"listen": "test",
									"script": {
										"exec": [
											""
										],
										"type": "text/javascript"
									}
								}
							],
							"request": {
								"method": "POST",
								"header": [
									{
										"key": "Content-Type",
										"value": "application/json"
									},
									{
										"key": "Authorization",
										"value": "Bearer {{access_token}}"
									}
								],
								"body": {
									"mode": "raw",
									"raw": "{\n\t\"bucketKey\": \"{{ossBucketKey}}\",\n\t\"access\": \"full\",\n\t\"policyKey\": \"transient\"\n}\n"
								},
								"url": {
									"raw": "https://developer.api.autodesk.com/oss/v2/buckets",
									"protocol": "https",
									"host": [
										"developer",
										"api",
										"autodesk",
										"com"
									],
									"path": [
										"oss",
										"v2",
										"buckets"
									]
								},
								"description": "[See documentation](https://forge.autodesk.com/en/docs/data/v2/reference/http/buckets-POST/)"
							},
							"response": []
						},
						{
							"name": "Obtain Signed URL for Assembly FIle",
							"request": {
								"method": "GET",
								"header": [
									{
										"key": "Authorization",
										"value": "Bearer {{access_token}}",
										"type": "text"
									}
								],
								"url": {
									"raw": "https://developer.api.autodesk.com/oss/v2/buckets/{{ossBucketKey}}/objects/{{ossAssemblyFile_OKey}}/signeds3upload?minutesExpiration=5",
									"protocol": "https",
									"host": [
										"developer",
										"api",
										"autodesk",
										"com"
									],
									"path": [
										"oss",
										"v2",
										"buckets",
										"{{ossBucketKey}}",
										"objects",
										"{{ossAssemblyFile_OKey}}",
										"signeds3upload"
									],
									"query": [
										{
											"key": "minutesExpiration",
											"value": "5"
										}
									]
								}
							},
							"response": []
						},
						{
							"name": "Upload Assembly File",
							"request": {
								"method": "PUT",
								"header": [],
								"body": {
									"mode": "file",
									"file": {
										"src": ""
									}
								},
								"url": {
									"raw": "{{ContentUploadSignedURL}}",
									"host": [
										"{{ContentUploadSignedURL}}"
									]
								}
							},
							"response": []
						},
						{
							"name": "Finalize Upload",
							"event": [
								{
									"listen": "test",
									"script": {
										"exec": [
											"var body = JSON.parse(responseBody);",
											"pm.environment.set(\"t3_ossAssemblyFileURN\", body[\"objectId\"]);",
											"var encoded_urn=btoa(body[\"objectId\"]);",
											"pm.environment.set(\"t3_ossEncodedAssemblyFileURN\", encoded_urn);"
										],
										"type": "text/javascript"
									}
								}
							],
							"request": {
								"method": "POST",
								"header": [
									{
										"key": "Authorization",
										"value": "Bearer {{access_token}}",
										"type": "text"
									}
								],
								"body": {
									"mode": "raw",
									"raw": "{\n    \"uploadKey\":\"{{UploadKey}}\"\n}",
									"options": {
										"raw": {
											"language": "json"
										}
									}
								},
								"url": {
									"raw": "https://developer.api.autodesk.com/oss/v2/buckets/{{ossBucketKey}}/objects/{{ossAssemblyFile_OKey}}/signeds3upload",
									"protocol": "https",
									"host": [
										"developer",
										"api",
										"autodesk",
										"com"
									],
									"path": [
										"oss",
										"v2",
										"buckets",
										"{{ossBucketKey}}",
										"objects",
										"{{ossAssemblyFile_OKey}}",
										"signeds3upload"
									]
								}
							},
							"response": []
						},
						{
							"name": "Obtain Signed URL for First Part File",
							"request": {
								"method": "GET",
								"header": [
									{
										"key": "Authorization",
										"value": "Bearer {{access_token}}",
										"type": "text"
									}
								],
								"url": {
									"raw": "https://developer.api.autodesk.com/oss/v2/buckets/{{ossBucketKey}}/objects/{{ossPart_01_OKey}}/signeds3upload?minutesExpiration=5",
									"protocol": "https",
									"host": [
										"developer",
										"api",
										"autodesk",
										"com"
									],
									"path": [
										"oss",
										"v2",
										"buckets",
										"{{ossBucketKey}}",
										"objects",
										"{{ossPart_01_OKey}}",
										"signeds3upload"
									],
									"query": [
										{
											"key": "minutesExpiration",
											"value": "5"
										}
									]
								}
							},
							"response": []
						},
						{
							"name": "Upload First Part File",
							"request": {
								"method": "PUT",
								"header": [],
								"body": {
									"mode": "file",
									"file": {
										"src": ""
									}
								},
								"url": {
									"raw": "{{ContentUploadSignedURL}}",
									"host": [
										"{{ContentUploadSignedURL}}"
									]
								}
							},
							"response": []
						},
						{
							"name": "Finalize Upload",
							"event": [
								{
									"listen": "test",
									"script": {
										"exec": [
											"var body = JSON.parse(responseBody);",
											"pm.environment.set(\"t3_ossPart_01_URN\", body[\"objectId\"]);",
											"var encoded_urn=btoa(body[\"objectId\"]);",
											"pm.environment.set(\"t3_ossEncodedPart_01_URN\", encoded_urn);"
										],
										"type": "text/javascript"
									}
								}
							],
							"request": {
								"method": "POST",
								"header": [
									{
										"key": "Authorization",
										"value": "Bearer {{access_token}}",
										"type": "text"
									}
								],
								"body": {
									"mode": "raw",
									"raw": "{\n    \"uploadKey\":\"{{UploadKey}}\"\n}",
									"options": {
										"raw": {
											"language": "json"
										}
									}
								},
								"url": {
									"raw": "https://developer.api.autodesk.com/oss/v2/buckets/{{ossBucketKey}}/objects/{{ossPart_01_OKey}}/signeds3upload",
									"protocol": "https",
									"host": [
										"developer",
										"api",
										"autodesk",
										"com"
									],
									"path": [
										"oss",
										"v2",
										"buckets",
										"{{ossBucketKey}}",
										"objects",
										"{{ossPart_01_OKey}}",
										"signeds3upload"
									]
								}
							},
							"response": []
						},
						{
							"name": "Obtain Signed URL for Second Part File",
							"request": {
								"method": "GET",
								"header": [
									{
										"key": "Authorization",
										"value": "Bearer {{access_token}}",
										"type": "text"
									}
								],
								"url": {
									"raw": "https://developer.api.autodesk.com/oss/v2/buckets/{{ossBucketKey}}/objects/{{ossPart_02_OKey}}/signeds3upload?minutesExpiration=5",
									"protocol": "https",
									"host": [
										"developer",
										"api",
										"autodesk",
										"com"
									],
									"path": [
										"oss",
										"v2",
										"buckets",
										"{{ossBucketKey}}",
										"objects",
										"{{ossPart_02_OKey}}",
										"signeds3upload"
									],
									"query": [
										{
											"key": "minutesExpiration",
											"value": "5"
										}
									]
								}
							},
							"response": []
						},
						{
							"name": "Upload Second Part File",
							"request": {
								"method": "PUT",
								"header": [],
								"body": {
									"mode": "file",
									"file": {
										"src": ""
									}
								},
								"url": {
									"raw": "{{ContentUploadSignedURL}}",
									"host": [
										"{{ContentUploadSignedURL}}"
									]
								}
							},
							"response": []
						},
						{
							"name": "Finalize Upload",
							"event": [
								{
									"listen": "test",
									"script": {
										"exec": [
											"var body = JSON.parse(responseBody);",
											"pm.environment.set(\"t3_ossPart_02_URN\", body[\"objectId\"]);",
											"var encoded_urn=btoa(body[\"objectId\"]);",
											"pm.environment.set(\"t3_ossEncodedPart_02_URN\", encoded_urn);"
										],
										"type": "text/javascript"
									}
								}
							],
							"request": {
								"method": "POST",
								"header": [
									{
										"key": "Authorization",
										"value": "Bearer {{access_token}}",
										"type": "text"
									}
								],
								"body": {
									"mode": "raw",
									"raw": "{\n    \"uploadKey\":\"{{UploadKey}}\"\n}",
									"options": {
										"raw": {
											"language": "json"
										}
									}
								},
								"url": {
									"raw": "https://developer.api.autodesk.com/oss/v2/buckets/{{ossBucketKey}}/objects/{{ossPart_02_OKey}}/signeds3upload",
									"protocol": "https",
									"host": [
										"developer",
										"api",
										"autodesk",
										"com"
									],
									"path": [
										"oss",
										"v2",
										"buckets",
										"{{ossBucketKey}}",
										"objects",
										"{{ossPart_02_OKey}}",
										"signeds3upload"
									]
								}
							},
							"response": []
						},
						{
							"name": "Obtain Signed URL for Third Part File",
							"request": {
								"method": "GET",
								"header": [
									{
										"key": "Authorization",
										"value": "Bearer {{access_token}}",
										"type": "text"
									}
								],
								"url": {
									"raw": "https://developer.api.autodesk.com/oss/v2/buckets/{{ossBucketKey}}/objects/{{ossPart_03_OKey}}/signeds3upload?minutesExpiration=5",
									"protocol": "https",
									"host": [
										"developer",
										"api",
										"autodesk",
										"com"
									],
									"path": [
										"oss",
										"v2",
										"buckets",
										"{{ossBucketKey}}",
										"objects",
										"{{ossPart_03_OKey}}",
										"signeds3upload"
									],
									"query": [
										{
											"key": "minutesExpiration",
											"value": "5"
										}
									]
								}
							},
							"response": []
						},
						{
							"name": "Upload Third Part File",
							"request": {
								"method": "PUT",
								"header": [],
								"body": {
									"mode": "file",
									"file": {
										"src": ""
									}
								},
								"url": {
									"raw": "{{ContentUploadSignedURL}}",
									"host": [
										"{{ContentUploadSignedURL}}"
									]
								}
							},
							"response": []
						},
						{
							"name": "Finalize Upload",
							"event": [
								{
									"listen": "test",
									"script": {
										"exec": [
											"var body = JSON.parse(responseBody);",
											"pm.environment.set(\"t3_ossPart_03_URN\", body[\"objectId\"]);",
											"var encoded_urn=btoa(body[\"objectId\"]);",
											"pm.environment.set(\"t3_ossEncodedPart_03_URN\", encoded_urn);"
										],
										"type": "text/javascript"
									}
								}
							],
							"request": {
								"method": "POST",
								"header": [
									{
										"key": "Authorization",
										"value": "Bearer {{access_token}}",
										"type": "text"
									}
								],
								"body": {
									"mode": "raw",
									"raw": "{\n    \"uploadKey\":\"{{UploadKey}}\"\n}",
									"options": {
										"raw": {
											"language": "json"
										}
									}
								},
								"url": {
									"raw": "https://developer.api.autodesk.com/oss/v2/buckets/{{ossBucketKey}}/objects/{{ossPart_03_OKey}}/signeds3upload",
									"protocol": "https",
									"host": [
										"developer",
										"api",
										"autodesk",
										"com"
									],
									"path": [
										"oss",
										"v2",
										"buckets",
										"{{ossBucketKey}}",
										"objects",
										"{{ossPart_03_OKey}}",
										"signeds3upload"
									]
								}
							},
							"response": []
						}
					],
					"event": [
						{
							"listen": "prerequest",
							"script": {
								"type": "text/javascript",
								"exec": [
									""
								]
							}
						},
						{
							"listen": "test",
							"script": {
								"type": "text/javascript",
								"exec": [
									""
								]
							}
						}
					]
				},
				{
					"name": "Task 3 - Translate Source File",
					"item": [
						{
							"name": "Link Part Files to Assembly File",
							"request": {
								"method": "POST",
								"header": [
									{
										"key": "Authorization",
										"value": "Bearer {{access_token}}",
										"type": "text"
									},
									{
										"key": "Content-Type",
										"name": "Content-Type",
										"value": "application/json",
										"type": "text"
									}
								],
								"body": {
									"mode": "raw",
									"raw": "{\n    \"urn\": \"{{t3_ossAssemblyFileURN}}\",\n    \"filename\": \"{{ossAssemblyFile_OKey}}\",\n    \"references\": [\n        {\n            \"urn\": \"{{t3_ossPart_01_URN}}\",\n            \"relativePath\": \"Components/{{ossPart_01_OKey}}\",\n            \"filename\": \"{{ossPart_01_OKey}}\"\n        },\n        {\n            \"urn\": \"{{t3_ossPart_02_URN}}\",\n            \"relativePath\": \"Components/{{ossPart_02_OKey}}\",\n            \"filename\": \"{{ossPart_02_OKey}}\"\n        },\n        {\n            \"urn\": \"{{t3_ossPart_03_URN}}\",\n            \"relativePath\": \"Components/{{ossPart_03_OKey}}\",\n            \"filename\": \"{{ossPart_03_OKey}}\"\n        }\n    ]\n}",
									"options": {
										"raw": {
											"language": "json"
										}
									}
								},
								"url": {
									"raw": "https://developer.api.autodesk.com/modelderivative/v2/designdata/{{t3_ossEncodedAssemblyFileURN}}/references",
									"protocol": "https",
									"host": [
										"developer",
										"api",
										"autodesk",
										"com"
									],
									"path": [
										"modelderivative",
										"v2",
										"designdata",
										"{{t3_ossEncodedAssemblyFileURN}}",
										"references"
									]
								},
								"description": "[See documentation](https://forge.autodesk.com/en/docs/model-derivative/v2/reference/http/urn-references-POST/)"
							},
							"response": []
						},
						{
							"name": "Start a Translation Job",
							"event": [
								{
									"listen": "test",
									"script": {
										"exec": [
											"var body = JSON.parse(responseBody);",
											"pm.environment.set(\"t3_url_safe_urn_of_source\", body[\"urn\"]);"
										],
										"type": "text/javascript"
									}
								}
							],
							"request": {
								"method": "POST",
								"header": [
									{
										"key": "Content-Type",
										"name": "Content-Type",
										"type": "text",
										"value": "application/json"
									},
									{
										"key": "Authorization",
										"type": "text",
										"value": "Bearer {{access_token}}"
									},
									{
										"key": "x-ads-force",
										"type": "text",
										"value": "true"
									}
								],
								"body": {
									"mode": "raw",
									"raw": "{\n    \"input\": {\n        \"urn\": \"{{t3_ossEncodedAssemblyFileURN}}\",\n        \"checkReferences\": true\n    },\n    \"output\": {\n        \"destination\": {\n            \"region\": \"us\"\n        },\n        \"formats\": [\n            {\n                \"type\": \"stl\",\n                \"advanced\": {\n                    \"format\": \"binary\",\n                    \"exportColor\": true,\n                    \"exportFileStructure\": \"single\"\n                }\n            }\n        ]\n    }\n}",
									"options": {
										"raw": {
											"language": "json"
										}
									}
								},
								"url": {
									"raw": "https://developer.api.autodesk.com/modelderivative/v2/designdata/job",
									"protocol": "https",
									"host": [
										"developer",
										"api",
										"autodesk",
										"com"
									],
									"path": [
										"modelderivative",
										"v2",
										"designdata",
										"job"
									]
								},
								"description": "[See documentation](https://forge.autodesk.com/en/docs/model-derivative/v2/reference/http/job-POST/)"
							},
							"response": []
						},
						{
							"name": "Check Status of Translation Job",
							"event": [
								{
									"listen": "test",
									"script": {
										"exec": [
											"var body = JSON.parse(responseBody);",
											"d_data=body[\"derivatives\"];",
											"",
											"let envariable='dv_urn_';",
											"let dv_children=d_data[0][\"children\"];",
											"",
											"    for (var i = 0; i < dv_children.length; i++)",
											"    {",
											"        let dv_urn=dv_children[i][\"urn\"];",
											"        ",
											"        envariable='dv_urn_'+i;",
											"        postman.setEnvironmentVariable(envariable, dv_urn);",
											"    }"
										],
										"type": "text/javascript"
									}
								}
							],
							"request": {
								"method": "GET",
								"header": [
									{
										"key": "Authorization",
										"value": "Bearer {{access_token}}"
									}
								],
								"url": {
									"raw": "https://developer.api.autodesk.com/modelderivative/v2/designdata/{{t3_url_safe_urn_of_source}}/manifest",
									"protocol": "https",
									"host": [
										"developer",
										"api",
										"autodesk",
										"com"
									],
									"path": [
										"modelderivative",
										"v2",
										"designdata",
										"{{t3_url_safe_urn_of_source}}",
										"manifest"
									]
								},
								"description": "[See documentation](https://forge.autodesk.com/en/docs/model-derivative/v2/reference/http/urn-manifest-GET/)"
							},
							"response": []
						}
					],
					"event": [
						{
							"listen": "prerequest",
							"script": {
								"type": "text/javascript",
								"exec": [
									""
								]
							}
						},
						{
							"listen": "test",
							"script": {
								"type": "text/javascript",
								"exec": [
									""
								]
							}
						}
					]
				},
				{
					"name": "Task 4 - Download STL File",
					"item": [
						{
							"name": "Download STL FIle",
							"request": {
								"method": "GET",
								"header": [
									{
										"key": "Authorization",
										"value": "Bearer {{access_token}}"
									}
								],
								"url": {
									"raw": "https://developer.api.autodesk.com/modelderivative/v2/designdata/{{t3_url_safe_urn_of_source}}/manifest/{{dv_urn_0}}",
									"protocol": "https",
									"host": [
										"developer",
										"api",
										"autodesk",
										"com"
									],
									"path": [
										"modelderivative",
										"v2",
										"designdata",
										"{{t3_url_safe_urn_of_source}}",
										"manifest",
										"{{dv_urn_0}}"
									]
								},
								"description": "[See documentation](https://forge.autodesk.com/en/docs/model-derivative/v2/reference/http/urn-manifest-derivativeurn-GET/)"
							},
							"response": []
						}
					],
					"event": [
						{
							"listen": "prerequest",
							"script": {
								"type": "text/javascript",
								"exec": [
									""
								]
							}
						},
						{
							"listen": "test",
							"script": {
								"type": "text/javascript",
								"exec": [
									""
								]
							}
						}
					]
				}
			],
			"event": [
				{
					"listen": "prerequest",
					"script": {
						"type": "text/javascript",
						"exec": [
							""
						]
					}
				},
				{
					"listen": "test",
					"script": {
						"type": "text/javascript",
						"exec": [
							""
						]
					}
				}
			]
		},
		{
			"name": "Extras",
			"item": [
				{
					"name": "Get Bucket Details",
					"request": {
						"method": "GET",
						"header": [
							{
								"key": "Authorization",
								"value": "Bearer {{access_token}}",
								"type": "text"
							}
						],
						"url": {
							"raw": "https://developer.api.autodesk.com/oss/v2/buckets/{{ossBucketKey}}/details",
							"protocol": "https",
							"host": [
								"developer",
								"api",
								"autodesk",
								"com"
							],
							"path": [
								"oss",
								"v2",
								"buckets",
								"{{ossBucketKey}}",
								"details"
							]
						},
						"description": "[See documentation](https://forge.autodesk.com/en/docs/data/v2/reference/http/buckets-:bucketKey-details-GET/)"
					},
					"response": []
				},
				{
					"name": "List Objects in  Bucket",
					"request": {
						"method": "GET",
						"header": [
							{
								"key": "Authorization",
								"type": "text",
								"value": "Bearer {{access_token}}"
							}
						],
						"url": {
							"raw": "https://developer.api.autodesk.com/oss/v2/buckets/{{ossBucketKey}}/objects",
							"protocol": "https",
							"host": [
								"developer",
								"api",
								"autodesk",
								"com"
							],
							"path": [
								"oss",
								"v2",
								"buckets",
								"{{ossBucketKey}}",
								"objects"
							]
						},
						"description": "[See documentation](https://forge.autodesk.com/en/docs/data/v2/reference/http/buckets-:bucketKey-details-GET/)"
					},
					"response": []
				},
				{
					"name": "Delete Manifest",
					"event": [
						{
							"listen": "test",
							"script": {
								"exec": [
									""
								],
								"type": "text/javascript"
							}
						}
					],
					"request": {
						"method": "DELETE",
						"header": [
							{
								"key": "Authorization",
								"value": "Bearer {{access_token}}"
							}
						],
						"url": {
							"raw": "https://developer.api.autodesk.com/modelderivative/v2/designdata/{{t3_url_safe_urn_of_source}}/manifest",
							"protocol": "https",
							"host": [
								"developer",
								"api",
								"autodesk",
								"com"
							],
							"path": [
								"modelderivative",
								"v2",
								"designdata",
								"{{t3_url_safe_urn_of_source}}",
								"manifest"
							]
						},
						"description": "[See documentation](https://forge.autodesk.com/en/docs/model-derivative/v2/reference/http/urn-manifest-DELETE/)"
					},
					"response": []
				},
				{
					"name": "Delete OSS Bucket",
					"event": [
						{
							"listen": "test",
							"script": {
								"exec": [
									""
								],
								"type": "text/javascript"
							}
						}
					],
					"request": {
						"method": "DELETE",
						"header": [
							{
								"key": "Content-Type",
								"value": "application/json"
							},
							{
								"key": "Authorization",
								"value": "Bearer {{access_token}}"
							}
						],
						"body": {
							"mode": "raw",
							"raw": ""
						},
						"url": {
							"raw": "https://developer.api.autodesk.com/oss/v2/buckets/{{ossBucketKey}}",
							"protocol": "https",
							"host": [
								"developer",
								"api",
								"autodesk",
								"com"
							],
							"path": [
								"oss",
								"v2",
								"buckets",
								"{{ossBucketKey}}"
							]
						},
						"description": "[See documentation](https://forge.autodesk.com/en/docs/data/v2/reference/http/buckets-:bucketKey-DELETE/)"
					},
					"response": []
				},
				{
					"name": "Get Supported Formats",
					"request": {
						"method": "GET",
						"header": [
							{
								"key": "Authorization",
								"value": "Bearer {{access_token}}",
								"type": "text"
							}
						],
						"url": {
							"raw": "https://developer.api.autodesk.com/modelderivative/v2/designdata/formats",
							"protocol": "https",
							"host": [
								"developer",
								"api",
								"autodesk",
								"com"
							],
							"path": [
								"modelderivative",
								"v2",
								"designdata",
								"formats"
							]
						},
						"description": "[See documentation](https://forge.autodesk.com/en/docs/model-derivative/v2/reference/http/formats-GET/)"
					},
					"response": []
				}
			]
		}
	]
}