{
	"id": "a90a8f03-0895-4cd0-bdee-ea8a07179a6a",
	"name": "Model_Derivative",
	"values": [
		{
			"key": "client_id",
			"value": "",
			"enabled": true
		},
		{
			"key": "client_secret",
			"value": "",
			"enabled": true
		},
		{
			"key": "ossBucketKey",
			"value": "",
			"enabled": true
		},
		{
			"key": "ossAssemblyFile_OKey",
			"value": "",
			"enabled": true
		},
		{
			"key": "ossPart_01_OKey",
			"value": "",
			"enabled": true
		},
		{
			"key": "ossPart_02_OKey",
			"value": "",
			"enabled": true
		},
		{
			"key": "ossPart_03_OKey",
			"value": "",
			"enabled": true
		},
		{
			"key": "access_token",
			"value": "",
			"type": "any",
			"enabled": true
		},
		{
			"key": "ContentUploadSignedURL",
			"value": "        \"https://com-autodesk-oss-direct-upload.s3-accelerate.amazonaws.com/signed-url-uploads/98f49213-1188-420e-98c6-de09dfb85828?uploadId=afIxKv9GwfMl5B70i7B14k70dhvjcKW4cTTjvntlTdxsFl54Ym1gmnilnjML1oXAGRhXAKQcL2anWb6fYeK17pyWuFfjJui0XDGIXnwTfbsfBMr4q1QgCkq3WBx5dbJ5AkWb.clUsoNz1yIhNkM8Aw--&partNumber=1&X-Amz-Security-Token=IQoJb3JpZ2luX2VjECgaCXVzLWVhc3QtMSJGMEQCIEGs%2Ffm%2BIBugIY1pUDU3c9Twt7ksbHQX%2BW6K5cFZVO2eAiAaM1%2BtkmrT0KHE5SznZmPhkSzkq6DRL9UH%2B4tQQ%2BKzcyrSBAgQEAAaDDYwNDczMzAwOTQwMyIMScOi1RRwpM1MiHlHKq8ELYdPbmRf6V%2BMpqRw4L5afsUfFW6BPTacxeyaErUmbuPZY%2Fz1XFDuPa49vPymeyK2ENVnKSRPPBHz3%2FTCVQguY83PXfN5jjckw0OnsgYsLtAnaHR%2FDNRKeSG2omxDGiAcG5yTzKAam7U68%2B%2BqMDy9Khp7c7niL%2B0e2pKq6gHSXZ4fyhpKBmTbjYHuDYaOQKmU7uI45AjzKfYDpZwpCnx41NEVVviawHlIrfnmYdfhihKD28vdsomvqSGAW2d%2F5NMLgg2FtULZo2ZRCzK34S8OmxwC4m9NMX0T8nZiiXMnCL1lxGB4B%2BGgvLYDW%2BksQ%2F8ZFYJjHB5crXtCQQwkewRthFcE1PffyBgNyYLngLf%2FgynHpb3b89dPy%2B5jisnkSxpIEbWWiSMVVTA%2FZNzgPFFarYq9eBfaQaPOTk4fQh6MFiBQyG6MM2S7AzLLj6a01ThyF0eQKD%2FikEvFJn46h97keWNWmDz407KLEbnfIeFN6vjUNMwoZeDKgIZ4d6sIpAlVNqYbdgfyFwAvq3FtnV%2BQpiA58owe5EQnZ9KjoaG4xbEGu3k2fQVYu74IHpTDzEYVil0JOaoOQpFVvlB7kN3JN6BQ7%2BGY95UKH0rg8ZJg65xRhgELZUcRIPgT3XNR3UGBQaqyUQ34Nvlw0ZvfKwriB02GSmjX4ENRJwVo2p0xXjbk%2FtPAkwc%2Fc7f8ZcSjL0SWzIYSgDWXPSOTrwExhlTNO6xocEr4deyKDQ3mmmDW5zCr%2FpyUBjqqAdQQF%2F7lnBIDBBOGJLB4mDYgsLaccLqaWbFCLzAkx6d205c%2FBXT2qVV%2BOi4pRVkQ%2FRTvuSYRmQ8FbsxAydZFsIUlNFqvcFKLlRmrnEZH4wilUp%2BySq%2BZuhZ4f3HUA2SYumme3S%2FMvSjuokIXnymATteRTEAjvchf2%2BGxFTtK7uiizKQM6LZSmYvZsp4LoUwyRDS%2FI1%2FjL3Z2WqlSRb%2FbfssUmVKfgEz%2FWmW7&X-Amz-Algorithm=AWS4-HMAC-SHA256&X-Amz-Date=20220520T080210Z&X-Amz-SignedHeaders=host&X-Amz-Expires=299&X-Amz-Credential=ASIAYZTHFNX5XHQE7YBU%2F20220520%2Fus-east-1%2Fs3%2Faws4_request&X-Amz-Signature=11a80362bde0f6d03de590d726384ab2d895c04b70c0be24fbf13896472bf4da\"",
			"enabled": true
		},
		{
			"key": "UploadKey",
			"value": "",
			"type": "default",
			"enabled": true
		},
		{
			"key": "ossSourceFileObjectKey",
			"value": "",
			"type": "default",
			"enabled": false
		},
		{
			"key": "t3_ossAssemblyFileURN",
			"value": "",
			"type": "any",
			"enabled": true
		},
		{
			"key": "t3_ossEncodedAssemblyFileURN",
			"value": "",
			"type": "any",
			"enabled": true
		},
		{
			"key": "t3_ossPart_01_URN",
			"value": "",
			"type": "any",
			"enabled": true
		},
		{
			"key": "t3_ossEncodedPart_01_URN",
			"value": "",
			"type": "any",
			"enabled": true
		},
		{
			"key": "t3_ossPart_02_URN",
			"value": "",
			"type": "any",
			"enabled": true
		},
		{
			"key": "t3_ossEncodedPart_02_URN",
			"value": "",
			"type": "any",
			"enabled": true
		},
		{
			"key": "t3_ossPart_03_URN",
			"value": "",
			"type": "any",
			"enabled": true
		},
		{
			"key": "t3_ossEncodedPart_03_URN",
			"value": "",
			"type": "any",
			"enabled": true
		},
		{
			"key": "t3_url_safe_urn_of_source",
			"value": "",
			"type": "any",
			"enabled": true
		},
		{
			"key": "dv_urn_0",
			"value": "",
			"type": "any",
			"enabled": true
		}
	],
	"_postman_variable_scope": "environment",
	"_postman_exported_at": "2022-05-20T10:31:44.738Z",
	"_postman_exported_using": "Postman/9.19.2"
}