{
	"id": "0f8f32f3-eede-4e52-93c9-c03bac6280e5",
	"name": "Model_Derivative",
	"values": [
		{
			"key": "client_id",
			"value": "",
			"enabled": true
		},
		{
			"key": "client_secret",
			"value": "",
			"enabled": true
		},
		{
			"key": "ossBucketKey",
			"value": "",
			"enabled": true
		},
		{
			"key": "ossAssemblyFile_OKey",
			"value": "",
			"enabled": true
		},
		{
			"key": "ossPart_01_OKey",
			"value": "",
			"enabled": true
		},
		{
			"key": "ossPart_02_OKey",
			"value": "",
			"enabled": true
		},
		{
			"key": "ossPart_03_OKey",
			"value": "",
			"enabled": true
		}
	],
	"_postman_variable_scope": "environment",
	"_postman_exported_at": "2020-02-20T08:46:36.871Z",
	"_postman_exported_using": "Postman/7.17.0"
}
