{
	"id": "e204c45c-0981-4451-9219-2705a73b922c",
	"name": "Model_Derivative",
	"values": [
		{
			"key": "client_id",
			"value": "",
			"enabled": true
		},
		{
			"key": "client_secret",
			"value": "",
			"enabled": true
		},
		{
			"key": "ossBucketKey",
			"value": "",
			"enabled": true
		},
		{
			"key": "ossSourceFileObjectKey",
			"value": "",
			"enabled": true
		},
		{
			"key": "host",
			"value": "https://developer.api.autodesk.com",
			"enabled": true
		}
	],
	"_postman_variable_scope": "environment",
	"_postman_exported_at": "2021-02-01T02:56:31.594Z",
	"_postman_exported_using": "Postman/7.36.1"
}