{
	"info": {
		"_postman_id": "40c4bead-42d4-4842-b06b-61f4f56ab61a",
		"name": "Fusion Data Tutorial",
		"schema": "https://schema.getpostman.com/json/collection/v2.1.0/collection.json",
		"_exporter_id": "15936144"
	},
	"item": [
		{
			"name": "Tutorial 1",
			"item": [
				{
					"name": "View Thumbnail",
					"request": {
						"auth": {
							"type": "oauth2",
							"oauth2": [
								{
									"key": "clientSecret",
									"value": "<<client_secret from application>>",
									"type": "string"
								},
								{
									"key": "clientId",
									"value": "<<client_id from application>>",
									"type": "string"
								},
								{
									"key": "redirect_uri",
									"value": "http://localhost:8080/",
									"type": "string"
								},
								{
									"key": "scope",
									"value": "data:read data:write data:create",
									"type": "string"
								},
								{
									"key": "accessTokenUrl",
									"value": "https://developer.api.autodesk.com/authentication/v1/gettoken",
									"type": "string"
								},
								{
									"key": "authUrl",
									"value": "https://developer.api.autodesk.com/authentication/v1/authorize",
									"type": "string"
								},
								{
									"key": "client_authentication",
									"value": "body",
									"type": "string"
								},
								{
									"key": "addTokenTo",
									"value": "header",
									"type": "string"
								}
							]
						},
						"method": "GET",
						"header": [],
						"url": {
							"raw": "<<Thumbnail URL from Task 5>>",
							"host": [
								"<<Thumbnail URL from Task 5>>"
							]
						}
					},
					"response": []
				}
			],
			"event": [
				{
					"listen": "prerequest",
					"script": {
						"type": "text/javascript",
						"exec": [
							""
						]
					}
				},
				{
					"listen": "test",
					"script": {
						"type": "text/javascript",
						"exec": [
							""
						]
					}
				}
			]
		}
	],
	"event": [
		{
			"listen": "prerequest",
			"script": {
				"type": "text/javascript",
				"exec": [
					""
				]
			}
		},
		{
			"listen": "test",
			"script": {
				"type": "text/javascript",
				"exec": [
					""
				]
			}
		}
	]
}